{"cameraMode":{"drawMode":0,"name":"Shaded","section":"Shading Mode"},"sceneLighting":true,"audioPlay":false,"sceneViewState":{"showFog":true,"showMaterialUpdate":false,"showSkybox":true,"showFlares":true,"showImageEffects":true,"showParticleSystems":true},"in2DMode":false,"pivot":{"x":8.640030860900879,"y":7.54526424407959,"z":-0.5033895969390869},"rotation":{"x":0.2045890986919403,"y":-0.6090588569641113,"z":0.16659677028656007,"w":0.7479565739631653},"size":2.366025447845459,"orthographic":false}