{"cameraMode":{"drawMode":0,"name":"Shaded","section":"Shading Mode"},"sceneLighting":true,"audioPlay":false,"sceneViewState":{"showFog":true,"showMaterialUpdate":false,"showSkybox":false,"showFlares":true,"showImageEffects":true,"showParticleSystems":true},"in2DMode":false,"pivot":{"x":-35.69801330566406,"y":-29.76681137084961,"z":10.953392028808594},"rotation":{"x":0.0754108652472496,"y":-0.6432666182518005,"z":0.06389235705137253,"w":0.7592363953590393},"size":110.59746551513672,"orthographic":false}