{"cameraMode":{"drawMode":0,"name":"Shaded","section":"Shading Mode"},"sceneLighting":true,"audioPlay":false,"sceneViewState":{"showFog":true,"showMaterialUpdate":false,"showSkybox":true,"showFlares":true,"showImageEffects":true,"showParticleSystems":true},"in2DMode":false,"pivot":{"x":-12.516992568969727,"y":10.923176765441895,"z":62.2686767578125},"rotation":{"x":0.034061431884765628,"y":-0.15764330327510835,"z":0.005441033747047186,"w":0.9868960380554199},"size":33.01006317138672,"orthographic":false}